<?xml version="1.0" encoding="UTF-8"?>
<project-private xmlns="http://www.netbeans.org/ns/project-private/1">
    <editor-bookmarks xmlns="http://www.netbeans.org/ns/editor-bookmarks/2" lastBookmarkId="0"/>
    <open-files xmlns="http://www.netbeans.org/ns/projectui-open-files/2">
        <group>
            <file>file:/Users/kevinhertzog/Google%20Drive/School/IST%20240/Team%207%20Project/Team_07_Project%202%202/src/GamePanelSettings.java</file>
            <file>file:/Users/kevinhertzog/Google%20Drive/School/IST%20240/Team%207%20Project/Team_07_Project%202%202/src/GamePanelBoard.java</file>
            <file>file:/Users/kevinhertzog/Google%20Drive/School/IST%20240/Team%207%20Project/Team_07_Project%202%202/src/GamePanel.java</file>
            <file>file:/Users/kevinhertzog/Google%20Drive/School/IST%20240/Team%207%20Project/Team_07_Project%202%202/src/IntroJPanel.java</file>
        </group>
    </open-files>
</project-private>
